{"data":{"site":{"siteMetadata":{"author":"Hala Rami","description":"This is my resume online","title":"My gatsby","image":"../images/loogo.jpeg"}},"wpMenu":{"menuItems":{"nodes":[{"label":"HOME","url":"/home-2/","parentId":null,"id":"cG9zdDo0MA=="},{"label":"PRODUCTS","url":"/products/","parentId":null,"id":"cG9zdDo0Mg=="},{"label":"CONTACT","url":"/contact/","parentId":null,"id":"cG9zdDo0Mw=="},{"label":"Panier","url":"/panier/","parentId":null,"id":"cG9zdDoxNTk="},{"label":"LOGIN","url":"/login/","parentId":null,"id":"cG9zdDozNTI="}]}}}}